application_id,discovered_at_iso,job_title,job_post_date,company,role_type,job_location,skills_required,salary_in_posting,applicants_count,job_apply_link,match_percentage,top_matching_skills,missing_skills,summary,notes
07722d85-f4e6-4416-93ea-18cfd55e17cb,2025-11-01T22:54:54.773898+05:30,Frontend Developer,,,Frontend Developer,,react,₹15,100,https://www.linkedin.com/jobs/view/4318942799/?eBP=CwEAAAGaQHG4ziIxwL62jUczkH_fs_VsXfTyUQe68OWm3zeAUID3DpO6c-7x0pMCRIVaWr2YxYiReU2hONHHRwaaRPjuIXuWj_CAVei6qE6Xhew6bJ_dmOvcj-FIChxV5MQjPW1XwgDoaLXfsEulQ2a8pXW5xtM_sTv7ucbeejLqXBpv8yJI_91X3AH2eCjTBhamiVFqM31x5rok8nazfu2zRAeT9f0SkS7NRrdCg3NRLm9eWwpQ2AzkkqP40LNLjfwa9O_8INe4r-nLF-cvOg3dOkV6RbBIiB0ejxkltQIh_jraGwhKtQutznNNrWVlynm7V658GjbkWT4ifat2SGCzlOp_cCWamPepEcZRJnUO4fpyWOf58Isn8hLc1eYStfnutrJ0gY9dVviXPlwezDVmtZ1uBDz5HBTwxtwaOmt1KlVaMMQ-GIoHSUWP103HncVQw2aDfuExatsxUHBv_NTPDcc1XHi6yRKvUn5-yow-6LkJNFpXx_KcT8X2FXuPF99hiemVlEGSQrKwZ-k&refId=Q0rFQX7SES60HGiEfOMq%2FQ%3D%3D&trackingId=Xiq5aUAf6hM7ZPJ4G6ruVQ%3D%3D&trk=flagship3_search_srp_jobs,9,react,,"<html lang=""en"" class=""theme theme--mercado app-loader--default artdeco osx""><head><meta http-equiv=""origin-trial"" content=""A7vZI3v+Gz7JfuRolKNM4Aff6zaGuT7X0mf3wtoZTnKv6497cVMnhy03KDqX7kBz/q/iidW7srW3",discovered_only
70f01b62-09af-45e8-8b2c-18a65986764d,2025-11-01T22:55:18.996516+05:30,React Front-End Developer,,,Frontend Developer,,react,₹0,100,https://www.linkedin.com/jobs/view/4315648749/?eBP=BUDGET_EXHAUSTED_JOB&refId=Q0rFQX7SES60HGiEfOMq%2FQ%3D%3D&trackingId=meqhXBJecApgq7M5iQDU6g%3D%3D&trk=flagship3_search_srp_jobs,9,react,,"<html lang=""en"" class=""theme theme--mercado app-loader--default artdeco osx""><head><meta http-equiv=""origin-trial"" content=""A7vZI3v+Gz7JfuRolKNM4Aff6zaGuT7X0mf3wtoZTnKv6497cVMnhy03KDqX7kBz/q/iidW7srW3",discovered_only
e789f7e0-abd8-496c-8f41-30047fe7ef18,2025-11-01T22:55:43.485085+05:30,Frontend Developer,,,Frontend Developer,,react,₹0,100,https://www.linkedin.com/jobs/view/4318975883/?eBP=BUDGET_EXHAUSTED_JOB&refId=Q0rFQX7SES60HGiEfOMq%2FQ%3D%3D&trackingId=lGH8t%2BkLXQsYuqK2b9ds2g%3D%3D&trk=flagship3_search_srp_jobs,9,react,,"<html lang=""en"" class=""theme theme--mercado app-loader--default artdeco osx""><head><meta http-equiv=""origin-trial"" content=""A7vZI3v+Gz7JfuRolKNM4Aff6zaGuT7X0mf3wtoZTnKv6497cVMnhy03KDqX7kBz/q/iidW7srW3",discovered_only
19b65c62-f1dc-4ab3-890b-ba5bf207b3c6,2025-11-01T22:56:07.678493+05:30,Frontend(React) Developer,,,Frontend Developer,,react,₹0,100,https://www.linkedin.com/jobs/view/4333443485/?eBP=BUDGET_EXHAUSTED_JOB&refId=Q0rFQX7SES60HGiEfOMq%2FQ%3D%3D&trackingId=57AmXJwRxLVroU5gAM3n6w%3D%3D&trk=flagship3_search_srp_jobs,9,react,,"<html lang=""en"" class=""theme theme--mercado app-loader--default artdeco osx""><head><meta http-equiv=""origin-trial"" content=""A7vZI3v+Gz7JfuRolKNM4Aff6zaGuT7X0mf3wtoZTnKv6497cVMnhy03KDqX7kBz/q/iidW7srW3",discovered_only
66b624d2-ce66-4c2f-bad7-113e45d3b05f,2025-11-01T22:56:31.988239+05:30,Frontend / Full Stack Engineer,,,Frontend Developer,,react,₹0,100,https://www.linkedin.com/jobs/view/4319535380/?eBP=CwEAAAGaQHG4zkEByZ3GgXb9xTC46dn6WjirNGp1FnmuGRKZSa5EqWrVOWQFxmV89T32QvM3xNiogNYwwUrxWigp903acLn6jrftAiAwyuTwN4QWx6Nml0_wYoG1p3WhH0j8_SvuhrLIYMOjMzl_AwU-WlWWYH718OtrBMRm-_FXXBt-IPkClFTrWIJ0_BjKjFid5DhOmChX_1L7dDl9J9IJjuvdekf67Vpgko7AFLQDW3svf3I0VhEfMPm1rgqgkrATLKRjJRLl_jSY1gtRBrW98DlEQg4CqmoV7X-rhKbsQTlABxd5e5TggombuBNMzQ45eXoZxE9vlwpczQx43CTn6eT7mvbUqhCDFe9nKHcioaUJjHaW35J6nYUuXx4qCGJknct27ndYM3_srkla4qee38EdEyumPam7ckW-ytuxGV9o9_yXOASBaljnq-oITmA_0hkyPNSFG-8QkeHazEC8o_L-eYPyz_FehyR33CRUKYMlhlYjuvCX_Qf0qE5rHvBd1eF9VhUwCtpCLO4&refId=Q0rFQX7SES60HGiEfOMq%2FQ%3D%3D&trackingId=XS%2FovPm%2FT6M%2BGrBwXtj9LQ%3D%3D&trk=flagship3_search_srp_jobs,9,react,,"<html lang=""en"" class=""theme theme--mercado app-loader--default artdeco osx""><head><meta http-equiv=""origin-trial"" content=""A7vZI3v+Gz7JfuRolKNM4Aff6zaGuT7X0mf3wtoZTnKv6497cVMnhy03KDqX7kBz/q/iidW7srW3",discovered_only
e4ba814d-8b4b-45b3-8cd1-eee67bf4bea3,2025-11-01T22:56:56.164856+05:30,Frontend Developer,,,Frontend Developer,,react,₹0,100,https://www.linkedin.com/jobs/view/4320079311/?eBP=BUDGET_EXHAUSTED_JOB&refId=Q0rFQX7SES60HGiEfOMq%2FQ%3D%3D&trackingId=3Q7f0i47KYMKu8%2Bcl1vEjQ%3D%3D&trk=flagship3_search_srp_jobs,9,react,,"<html lang=""en"" class=""theme theme--mercado app-loader--default artdeco osx""><head><meta http-equiv=""origin-trial"" content=""A7vZI3v+Gz7JfuRolKNM4Aff6zaGuT7X0mf3wtoZTnKv6497cVMnhy03KDqX7kBz/q/iidW7srW3",discovered_only
2d16fb12-0bbc-4bfc-b7ce-616b4b6a6ef5,2025-11-01T22:57:20.481733+05:30,Frontend Developer,,,Frontend Developer,,react,₹0,100,https://www.linkedin.com/jobs/view/4318959767/?eBP=CwEAAAGaQHG4zj4MqWNW5KufyBUJX7W_CRQKmXSqgUtEUFSwsgJVNNezBxdBoHLqIDWzExsGJeJexHOAemJ4PEXkJWnkAJKH4fgOMBPWBXzjzW9QFwfbm4pZxuhCvL4B1V-2N_RitAFD1zxWdzKUR442ayrjUzTsRH2TjGnmmn5tD5sd07S_Ns-J68BRJqM4Kif8tXf430P2vWQ7lJTNcmpAoYY2w4V2ObLu--uuEJjkCiJxnKPLwIsuJ5aB1uzDxkM51-8j3m3advYy174WmrTMse9ZcqsW1r2LbCMiqGf7J7vKSOmOJ_4u92CdSZkMnNjqNMId460cbWKxBm44coznKVHugiWFseeQGAznYCqqvixoVEolhFyy-Kxqruc0lXZbU7NCiyQkRrNXW5umYWGdt3NPBkvfCJEgIO5_CGWHFodpOGL4ZCp0OLxqRgr_nX44it92ApjnOUKktxGJUTqlvwBnxhRHc089A9xtZoWDUNI5a-jsKNFUj2TXkK8FMzPpXbVHAmBZtpTzh2aLdw&refId=Q0rFQX7SES60HGiEfOMq%2FQ%3D%3D&trackingId=%2BhDqTQ8jEoHH7HznzmCCpQ%3D%3D&trk=flagship3_search_srp_jobs,9,react,,"<html lang=""en"" class=""theme theme--mercado app-loader--default artdeco osx""><head><meta http-equiv=""origin-trial"" content=""A7vZI3v+Gz7JfuRolKNM4Aff6zaGuT7X0mf3wtoZTnKv6497cVMnhy03KDqX7kBz/q/iidW7srW3",discovered_only
d3676861-e9ad-49a8-9c01-a9ed91e75f8f,2025-11-01T22:57:44.759368+05:30,Frontend Developer,,,Frontend Developer,,react,₹15,100,https://www.linkedin.com/jobs/view/4318942799/?alternateChannel=search&eBP=CwEAAAGaQHG4ziIxwL62jUczkH_fs_VsXfTyUQe68OWm3zeAUID3DpO6c-7x0pMCRIVaWr2YxYiReU2hONHHRwaaRPjuIXuWj_CAVei6qE6Xhew6bJ_dmOvcj-FIChxV5MQjPW1XwgDoaLXfsEulQ2a8pXW5xtM_sTv7ucbeejLqXBpv8yJI_91X3AH2eCjTBhamiVFqM31x5rok8nazfu2zRAeT9f0SkS7NRrdCg3NRLm9eWwpQ2AzkkqP40LNLjfwa9O_8INe4r-nLF-cvOg3dOkV6RbBIiB0ejxkltQIh_jraGwhKtQutznNNrWVlynm7V658GjbkWT4ifat2SGCzlOp_cCWamPepEcZRJnUO4fpyWOf58Isn8hLc1eYStfnutrJ0gY9dVviXPlwezDVmtZ1uBDz5HBTwxtwaOmt1KlVaMMQ-GIoHSUWP103HncVQw2aDfuExatsxUHBv_NTPDcc1XHi6yRKvUn5-yow-6LkJNFpXx_KcT8X2FXuPF99hiemVlEGSQrKwZ-k&refId=Q0rFQX7SES60HGiEfOMq%2FQ%3D%3D&trackingId=Xiq5aUAf6hM7ZPJ4G6ruVQ%3D%3D&trk=d_flagship3_search_srp_jobs,9,react,,"<html lang=""en"" class=""theme theme--mercado app-loader--default artdeco osx""><head><meta http-equiv=""origin-trial"" content=""A7vZI3v+Gz7JfuRolKNM4Aff6zaGuT7X0mf3wtoZTnKv6497cVMnhy03KDqX7kBz/q/iidW7srW3",discovered_only
92297aa0-c724-44f4-8dc7-23c9be0ef11d,2025-11-01T22:58:58.103790+05:30,,,,Frontend Developer,,react,₹15,100,https://www.linkedin.com/jobs/view/4318942799/?alternateChannel=search&refId=Q0rFQX7SES60HGiEfOMq%2FQ%3D%3D&trackingId=Xiq5aUAf6hM7ZPJ4G6ruVQ%3D%3D&trk=d_flagship3_search_srp_jobs,9,react,,"<html lang=""en"" class=""theme theme--mercado app-loader--default artdeco osx""><head><meta http-equiv=""origin-trial"" content=""A7vZI3v+Gz7JfuRolKNM4Aff6zaGuT7X0mf3wtoZTnKv6497cVMnhy03KDqX7kBz/q/iidW7srW3",discovered_only
6fba6d84-1849-4416-b0ae-cbc122f88eb0,2025-11-01T23:04:59.669989+05:30,Frontend Developer,,,Frontend Developer,,react,₹15,100,https://www.linkedin.com/jobs/view/4318942799/?eBP=CwEAAAGaQHrftn_W3btn-qZ3jD_4ETiZz0GI7EJj0wmBIYQP0ZvrbkxBvinNJGhx76TstabQTbbyI1maAWYvnNNAju4fLSaELxoYykqqDqp5R-9goysZ3igumCPbw07dTRw4Nfr499zSJL6s4ATw4m2rmsp6KNHInKNhL173PXregiCzWnzANpMGJAIXlRD6HS4Q7uUeFAJJCX2_6vguITeQGq6w-bnu6gR0YSgEIkTu8YqH05ZTFNr9ijz1R4Zsn3XvPQ7-FB9XrdyWNcWHAo7aHqoToXcWfDZ4eiVbZ09mG8YLzb1wDB1gkPamoDwQotYWlIwbDP4q6zEuAgSLqzIOTUWlDX5yJW14t3cOB8zp41hReMzpzx6qSMh22-hcA_xyX81BIjx8gqDjq7FDwF4aCaHehI8FkoWNpMfU5D7IhyrI5QE2KFnJSeVrz0ztikWufy9E-djgyCs8yXxXBrmENvKZAaR9Pa0UVWxOji1CVz3fLW_iDar33NKdJG32-y5G2y-jtmrARdC4OR_hpQ&refId=VG5QmW%2BHe07q1H%2FbuXbjyw%3D%3D&trackingId=bIpZdgUpngBE95ZCtOZWdQ%3D%3D&trk=flagship3_search_srp_jobs,9,react,,"<html lang=""en"" class=""theme theme--mercado app-loader--default artdeco osx""><head>     <meta http-equiv=""Content-Security-Policy"" content=""script-src 'report-sample' 'strict-dynamic' 'nonce-OWz33jHH5",discovered_only
61c93c6c-129b-43be-9d0e-19f51325a31d,2025-11-01T23:05:30.660954+05:30,Frontend Developer,,,Frontend Developer,,react,₹0,100,https://www.linkedin.com/jobs/view/4318975883/?eBP=BUDGET_EXHAUSTED_JOB&refId=VG5QmW%2BHe07q1H%2FbuXbjyw%3D%3D&trackingId=4GkKbVurRBks9jTpeJzmyg%3D%3D&trk=flagship3_search_srp_jobs,9,react,,"<html lang=""en"" class=""theme theme--mercado app-loader--default artdeco osx""><head><meta http-equiv=""origin-trial"" content=""A7vZI3v+Gz7JfuRolKNM4Aff6zaGuT7X0mf3wtoZTnKv6497cVMnhy03KDqX7kBz/q/iidW7srW3",discovered_only
02fecc8f-ab6a-4270-8b82-6663c152b73d,2025-11-01T23:06:01.538630+05:30,Frontend(React) Developer,,,Frontend Developer,,react,₹0,100,https://www.linkedin.com/jobs/view/4333443485/?eBP=BUDGET_EXHAUSTED_JOB&refId=VG5QmW%2BHe07q1H%2FbuXbjyw%3D%3D&trackingId=CyAH36q3MJQ%2F6fUt4vx7sQ%3D%3D&trk=flagship3_search_srp_jobs,9,react,,"<html lang=""en"" class=""theme theme--mercado app-loader--default artdeco osx""><head><meta http-equiv=""origin-trial"" content=""A7vZI3v+Gz7JfuRolKNM4Aff6zaGuT7X0mf3wtoZTnKv6497cVMnhy03KDqX7kBz/q/iidW7srW3",discovered_only
4c3721ef-4669-4182-9339-023d06c18aac,2025-11-01T23:06:34.419494+05:30,Frontend / Full Stack Engineer,,,Frontend Developer,,react,₹0,100,https://www.linkedin.com/jobs/view/4319535380/?eBP=CwEAAAGaQHrftvThkwhk42uWv6eXXMF2Qy8fck4kUVsEwhB3ySbNQaGjMG3Fe3cSVkoKIkPWr8D17glA0Q8xMpf30YveWZEc2JKMu4W57pDOFeycRCvNOxGzoCI8UYyxVPJfduEMQ3oVZwUt4JU6rhaJQh57JTjwcyXSftAq109HzFZS2aBk_dLLfkWPaIVjhBdK_6uhg_I2eqNabzl2oC7RJpOu2APcPs2RjsRgD_uNxV0HMf-Fm6VbyvB-9X4k4qA5syev4Bq7e3sYuzebs87xTmJIYvhYVsggi7WfHx6xZDdFvK8XZxJKsTQKje8iJ85QmVjo9NPygVc8TlZTJByaU0K58PoIIENN9A2JNLKPLTJlbjC54ILCPaU_utAYLz5QPQvC123jR5pm1CSLV04KcJ1ym-iOQ3R7GIygIkpgT1R-sibXlovwqfZTL7vT05_x1vFKYcc97--bOLMj492LFNC0VCoK49nYT8qnrAznWfFJcwZ7zM3JZckL6YXWnHMuRvNB5gBAHTxLcR65Iw&refId=VG5QmW%2BHe07q1H%2FbuXbjyw%3D%3D&trackingId=ZLOIXZnqvbuOlWAl%2BPGHKg%3D%3D&trk=flagship3_search_srp_jobs,9,react,,"<html lang=""en"" class=""theme theme--mercado app-loader--default artdeco osx""><head><meta http-equiv=""origin-trial"" content=""A7vZI3v+Gz7JfuRolKNM4Aff6zaGuT7X0mf3wtoZTnKv6497cVMnhy03KDqX7kBz/q/iidW7srW3",discovered_only
d2a4ef6b-a23a-401b-a7fb-10fee5e84d19,2025-11-01T23:07:05.555396+05:30,Frontend Developer,,,Frontend Developer,,react,₹0,100,https://www.linkedin.com/jobs/view/4320079311/?eBP=BUDGET_EXHAUSTED_JOB&refId=VG5QmW%2BHe07q1H%2FbuXbjyw%3D%3D&trackingId=oKffTCgctpS8KAAaTepugA%3D%3D&trk=flagship3_search_srp_jobs,9,react,,"<html lang=""en"" class=""theme theme--mercado app-loader--default artdeco osx""><head><meta http-equiv=""origin-trial"" content=""A7vZI3v+Gz7JfuRolKNM4Aff6zaGuT7X0mf3wtoZTnKv6497cVMnhy03KDqX7kBz/q/iidW7srW3",discovered_only
8ec3f9c5-d196-4b28-86b2-804c6b54b135,2025-11-01T23:07:38.148347+05:30,Frontend Developer,,,Frontend Developer,,react,₹0,100,https://www.linkedin.com/jobs/view/4318959767/?eBP=CwEAAAGaQHrftteYkgFccm-HwFtRSmsKyflbaH_AXbz0Fm-Z9PWazionm7DKMDRf6U-FyuRVzSnB1HzLs9RslKe6tIIEXCwtY95qjZEkRctSbdtqSWnVrYh6OIKpP-e2DDrvsscig1nvDKLzJSXqCZaKpW1DQbopT8e784W9_b2HUIJd8u016u2gHI-DoS7QqbiHz1yd9sTBwliutmS-8Nm5REi3gWlSr_W5pyGJ2JcjIbscUQScAjhRkkcblyCjoAyrMYnl0WuSu_j0C9_dycq_Zz3UvHyHBThDeJzZmm5sjeuQdCj6Nx0yFmCjb7CN-OvkZeEnLcWOn3an06BFpcjn7A7qS6WBgZBbEv1a7QIfqbpKSYDlyWYipV61ZQJnZigPvjLoHKW1VETpM4JPIUUe_9jlZeiV-up3HlbmhfhuTErFaKGGXOYYTcoEo9cW_WtU2Z4_E0JX4WQvtRnHLb5xrXJfvrXY0AcMo9zvq_WuCGU0nEULvrPecwf7j5Z55JeZ88xGjb6LWC6z9ujp2UP8&refId=VG5QmW%2BHe07q1H%2FbuXbjyw%3D%3D&trackingId=C%2FG5h4zVsX3HMbZh5NGBCQ%3D%3D&trk=flagship3_search_srp_jobs,9,react,,"<html lang=""en"" class=""theme theme--mercado app-loader--default artdeco osx""><head><meta http-equiv=""origin-trial"" content=""A7vZI3v+Gz7JfuRolKNM4Aff6zaGuT7X0mf3wtoZTnKv6497cVMnhy03KDqX7kBz/q/iidW7srW3",discovered_only
7bb0dae2-cb0e-4001-b3c4-b9c1ca6e5f03,2025-11-01T23:08:09.375119+05:30,React Developer,,,Frontend Developer,,react,₹0,100,https://www.linkedin.com/jobs/view/4318975055/?eBP=BUDGET_EXHAUSTED_JOB&refId=VG5QmW%2BHe07q1H%2FbuXbjyw%3D%3D&trackingId=6Ax02VsDI1YuxxYghmWVpg%3D%3D&trk=flagship3_search_srp_jobs,9,react,,"<html lang=""en"" class=""theme theme--mercado app-loader--default artdeco osx""><head><meta http-equiv=""origin-trial"" content=""A7vZI3v+Gz7JfuRolKNM4Aff6zaGuT7X0mf3wtoZTnKv6497cVMnhy03KDqX7kBz/q/iidW7srW3",discovered_only
05915f78-ef27-4f2d-bab1-1c861a52fa78,2025-11-01T23:08:39.835618+05:30,Frontend Developer,,,Frontend Developer,,react,₹15,100,https://www.linkedin.com/jobs/view/4318942799/?alternateChannel=search&eBP=CwEAAAGaQHrftn_W3btn-qZ3jD_4ETiZz0GI7EJj0wmBIYQP0ZvrbkxBvinNJGhx76TstabQTbbyI1maAWYvnNNAju4fLSaELxoYykqqDqp5R-9goysZ3igumCPbw07dTRw4Nfr499zSJL6s4ATw4m2rmsp6KNHInKNhL173PXregiCzWnzANpMGJAIXlRD6HS4Q7uUeFAJJCX2_6vguITeQGq6w-bnu6gR0YSgEIkTu8YqH05ZTFNr9ijz1R4Zsn3XvPQ7-FB9XrdyWNcWHAo7aHqoToXcWfDZ4eiVbZ09mG8YLzb1wDB1gkPamoDwQotYWlIwbDP4q6zEuAgSLqzIOTUWlDX5yJW14t3cOB8zp41hReMzpzx6qSMh22-hcA_xyX81BIjx8gqDjq7FDwF4aCaHehI8FkoWNpMfU5D7IhyrI5QE2KFnJSeVrz0ztikWufy9E-djgyCs8yXxXBrmENvKZAaR9Pa0UVWxOji1CVz3fLW_iDar33NKdJG32-y5G2y-jtmrARdC4OR_hpQ&refId=VG5QmW%2BHe07q1H%2FbuXbjyw%3D%3D&trackingId=bIpZdgUpngBE95ZCtOZWdQ%3D%3D&trk=d_flagship3_search_srp_jobs,9,react,,"<html lang=""en"" class=""theme theme--mercado app-loader--default artdeco osx""><head><meta http-equiv=""origin-trial"" content=""A7vZI3v+Gz7JfuRolKNM4Aff6zaGuT7X0mf3wtoZTnKv6497cVMnhy03KDqX7kBz/q/iidW7srW3",discovered_only
eef38870-b7ab-4154-aca3-9351e9d19d95,2025-11-01T23:09:11.596025+05:30,,,,Frontend Developer,,react,₹15,100,https://www.linkedin.com/jobs/view/4318942799/?alternateChannel=search&refId=VG5QmW%2BHe07q1H%2FbuXbjyw%3D%3D&trackingId=bIpZdgUpngBE95ZCtOZWdQ%3D%3D&trk=d_flagship3_search_srp_jobs,9,react,,"<html lang=""en"" class=""theme theme--mercado app-loader--default artdeco osx""><head><meta http-equiv=""origin-trial"" content=""A7vZI3v+Gz7JfuRolKNM4Aff6zaGuT7X0mf3wtoZTnKv6497cVMnhy03KDqX7kBz/q/iidW7srW3",discovered_only
c5b1080a-c4a5-4875-9f5d-d4225003ad60,2025-11-01T23:10:51.187260+05:30,Frontend Developer,,,Frontend Developer,,react,₹0,100,https://www.linkedin.com/jobs/view/4333087857/?eBP=BUDGET_EXHAUSTED_JOB&refId=5i8WxFnw8R9SXJJIeXnKvA%3D%3D&trackingId=wfo0NpI7EgvsmYP%2BZ4RmMg%3D%3D&trk=flagship3_search_srp_jobs,9,react,,"<html lang=""en"" class=""theme theme--mercado app-loader--default artdeco osx""><head><meta http-equiv=""origin-trial"" content=""A7vZI3v+Gz7JfuRolKNM4Aff6zaGuT7X0mf3wtoZTnKv6497cVMnhy03KDqX7kBz/q/iidW7srW3",discovered_only
270ccde7-4152-43aa-9488-0faaeb8da64d,2025-11-01T23:11:23.956589+05:30,Frontend / Full Stack Engineer,,,Frontend Developer,,react,₹0,100,https://www.linkedin.com/jobs/view/4319535380/?eBP=CwEAAAGaQICUT0CvfI_e9y2CbGR-LO63zCeBDvUGELjFy3hvkLwm7uXiqZwzMqJK1URzKRwKHbewtkA2d4RCxXqb1hdVnX0p-o9SQ817YBuqYQYeC-oTchayIwVv4DSjKatG04z8r-EHQ673RNRYFOjBEVMZEol1foD1cFunw3U2OMYw4-zHEd_b-oDAzWqp6_J3eDyL9WYRE9gSHYS-5c2-tci8_Kdw-DX7z_ivpeRxGmcxqR9nyPz-KYFl2InwdlqsdCSSCQtyXvHD7U4mWZw7njRm71izoD-VMaqtlYfguuKy4upSk4HhEwSVfeTjZsNxzAYIeY8jWp2OuYNAkVllD1ZzQZKvKoIqZlprkFwywxfRXwOsMJwvmlJEuMn5pyV4-k1s7uJAU4HNm7Xwvke_7rlWSlyQ037OiTLJO1r0-im1Ix4MHWanpKhf0AWpijZV-c_Xra1Wj_T_TobM5PCxEFzzx2eOayWAioWz6-IHZkP4uQRqKZ5R5jdzlzlsN2IjaKcLHhAJsUmj&refId=5i8WxFnw8R9SXJJIeXnKvA%3D%3D&trackingId=c%2B8AUGE70cn4m7n2zC7jNg%3D%3D&trk=flagship3_search_srp_jobs,9,react,,"<html lang=""en"" class=""theme theme--mercado app-loader--default artdeco osx""><head><meta http-equiv=""origin-trial"" content=""A7vZI3v+Gz7JfuRolKNM4Aff6zaGuT7X0mf3wtoZTnKv6497cVMnhy03KDqX7kBz/q/iidW7srW3",discovered_only
0fcb95ce-bef5-4526-b6ee-76ee1475c93b,2025-11-01T23:11:55.738027+05:30,Frontend Developer,,,Frontend Developer,,react,₹0,100,https://www.linkedin.com/jobs/view/4319198314/?eBP=CwEAAAGaQICUT6VFzurpRtQ59tOcjifbNIOr5Pxm_KMmqRu7TpC6v5RvdFjnAKhZl2mnCkDKCe1J4GD1adghodyEeVZzBpyCCkoQMY2pa-_rBDEjQetsfR_asSB0vJXp1DsL-ILAgrBYg3DZJLLEZyUc304LRGY-q-e8tQ2QcCBy9kw3YqjX0gpZvcp9inXuupJ1x2RHhPF_vFZQJEfYKvFfROEmDmZFPOd8x2kMNB08Hq0iOGCSMhsqfqDe8Sk-NLi4vW92BNBLmxWnDoe_UOivJlwSswvaSZPMQod6h_nCZzL83ur5lMyOozRPt_7DufcdlLcK53Tr9ovkMJPsYJWCkXnlVd2D6VODNFzoJkAwFlk_0ZLMa4MWlIPpNIy1NrrA8EI7dD15FMjiSF2ZFNE2FiEjhmOYTXpNIL1WC3nkEMvvQIsPCBXU8zpYYFeiV7Hh0pRcfd-5iGGnoj4k274Rtn2R-FkXwSeGvuY45lOXwRhnmiZ6XtIs9n1ZYmNbmLcpP9yO1ZzKkBgZ&refId=5i8WxFnw8R9SXJJIeXnKvA%3D%3D&trackingId=rXmT5Cq2mgrfiGVUHV7RuQ%3D%3D&trk=flagship3_search_srp_jobs,9,react,,"<html lang=""en"" class=""theme theme--mercado app-loader--default artdeco osx""><head><meta http-equiv=""origin-trial"" content=""A7vZI3v+Gz7JfuRolKNM4Aff6zaGuT7X0mf3wtoZTnKv6497cVMnhy03KDqX7kBz/q/iidW7srW3",discovered_only
56d8e712-21f3-4675-8b53-437376899ec4,2025-11-01T23:12:27.173719+05:30,Full Stack Engineer,,,Frontend Developer,,react,"₹14,00,000 - ₹20,00,000",100,https://www.linkedin.com/jobs/view/4318883902/?eBP=BUDGET_EXHAUSTED_JOB&refId=5i8WxFnw8R9SXJJIeXnKvA%3D%3D&trackingId=eNPY0LMbCDo7TNzyzwQizw%3D%3D&trk=flagship3_search_srp_jobs,9,react,,"<html lang=""en"" class=""theme theme--mercado app-loader--default artdeco osx""><head><meta http-equiv=""origin-trial"" content=""A7vZI3v+Gz7JfuRolKNM4Aff6zaGuT7X0mf3wtoZTnKv6497cVMnhy03KDqX7kBz/q/iidW7srW3",discovered_only
5fbf403e-f0f4-4cf6-9663-d7b64396e1c0,2025-11-01T23:12:58.279019+05:30,React.js Developer,,,Frontend Developer,,react,₹0,100,https://www.linkedin.com/jobs/view/4320283755/?eBP=CwEAAAGaQICUT7XxRDmwitzLI-JP5mukkj9YwhE2qUqDa0yuYr6B9FTfeeth6KmLPTYknQ3DRPefMP8oBFMKy9aOmc34L6Yd9ICl0FGEEL0ALBwKP3bcIxCmdM31j2Kf8XP4DwaH9UA7YqP8BwKvjE15BXLWT_Iu1O8zQKmlOEk4NvsSw2ovV39oPIz6oGFnfLpxMNjWO3RqYpDZIvNd6foEj2TQ3qE8otiNmi_TsPv5sA2WJPRNYfH9eZdz8plkz4g5jmfFR-Es99rtjerZRs-p9oOVQCmKa_3v1AUBik2Yx60Jh8Nog_r3QQ4GqQf1IYBxAv5Zap-viQIo0Rm6Bq4tz9AXWYv3Drpku3bQHS5X9y4LfEpSc_zmgOU18qi0hlG8Vv5h42YYifbM2SRLYxS6NPDCQAia0pHFLUJRaocMmqCkNBzdkRqpVlGk0bY6llCGkSgNfqC1J_54QpxCowy14_u4mV6ac--PhfqlC_s1IL6rqv6UcAGJw2MLu1DGzBZzgFWjyS8FtbELQ66LMib3&refId=5i8WxFnw8R9SXJJIeXnKvA%3D%3D&trackingId=d5ap0EjwE1AcJxVR1wb5gQ%3D%3D&trk=flagship3_search_srp_jobs,9,react,,"<html lang=""en"" class=""theme theme--mercado app-loader--default artdeco osx""><head><meta http-equiv=""origin-trial"" content=""A7vZI3v+Gz7JfuRolKNM4Aff6zaGuT7X0mf3wtoZTnKv6497cVMnhy03KDqX7kBz/q/iidW7srW3",discovered_only
c46cf9bf-3543-4a2f-abe2-39d053c7b34c,2025-11-01T23:13:29.645678+05:30,Front-End Developer – SCG India,,,Frontend Developer,,react,₹0,100,https://www.linkedin.com/jobs/view/4298394472/?eBP=CwEAAAGaQICUT1R4N7g-dmnSNTkpgiJ5FzYz_Q8EfOWX04VFSRA-D4nHCyV7_JrTzT0eJ_PA4F6Yy7IsjX21iCKfeS-5VmH25Ivs1RzFaYYFJWU4Lc4EUa_xtWjBZE-6mtSd8tAFvzUCgTWT-NygVMdbnW-zktvURptx0KFoCdvJK6d8nRlbX1WCyzi5JobFP6pANDiOhzlJ5-5ZuaWMgOs6q9MQuv68oVH__Eq1xMejRBxxzD4-GJZ2mKLDDLJW0FHi-A7foa6kmtqSd2W2cTkkTI8kqKmKRbAmO1fbb9ZHR5olehw29c4A5RS02nq3TmtLKk48bTFk06px04w4zKh_Uxf_FQpJwUBWPKZYeKJeJNXHAbnbCCZZje7CohbLTvIqS1GTqdivCj4MC1DfGOgcyPFFFM9EtMSL-P6k1BzXWYY4sWQFpsoYtURm2qzqGQDGRTm1h_jg0a6E6SuZ9YpXFjC3xxXAA_CHe9o8qbHqopFzwpsXjsptL3palqWU7-3shRPx1CJIfcBEW8w&refId=5i8WxFnw8R9SXJJIeXnKvA%3D%3D&trackingId=nWW0cXIU03jilmnOHIcP6Q%3D%3D&trk=flagship3_search_srp_jobs,9,react,,"<html lang=""en"" class=""theme theme--mercado app-loader--default artdeco osx""><head><meta http-equiv=""origin-trial"" content=""A7vZI3v+Gz7JfuRolKNM4Aff6zaGuT7X0mf3wtoZTnKv6497cVMnhy03KDqX7kBz/q/iidW7srW3",discovered_only
590b176c-a950-4faa-b554-eb864259c967,2025-11-01T23:14:02.155469+05:30,Frontend Developer,,,Frontend Developer,,react,₹0,100,https://www.linkedin.com/jobs/view/4320185431/?eBP=CwEAAAGaQICUT45UOWFIDHiGlrrJ4IDzJPgUKf0K5pc4ZKJwQKvefmStxhRTKN06H7YJ60ZjhxOaZGkNGxXI_aqdZ91C_GYG9LF6hLC3APvfvfkUBfROYENrenhOMUe4-kV41no63gqcAKwbtpoZluPD9yJPKjMvV1BmFA4O4RQFzZiCdI3N1DQzlC4qpgXpYD6sBInVXEbXb3uVRic0wLVJenxt2hdiEEL9qo53O6wuxFIfue0qjpVybEWVxoTGaD3MYTtz8t-sKfn2Z_jgY2GrXRshC-DCnrH78ETFGsf3BXTGcwrEOZNyeHhL6-A4qIzlgdw7H2iqMf_zb2RWbkmuruHce_4mU6GWTmVx27l_mUM8pdO7pd5lPC50XrbjSWBGCewYDawr2y-FAgPa_ROZm8XCUMHUvtNnl-PlocfQzhzp1JOdSILy9xEIVRgBVDJuZNpgg8CfzN_HnQ7tledxG7grEos21KlRrx2e1Yygg-LayksHjRyo6L5LdvuFY9cfvbHqpek2CAJJd_QnKA&refId=5i8WxFnw8R9SXJJIeXnKvA%3D%3D&trackingId=bB88dZNBRCT%2BMs1x7QjvjA%3D%3D&trk=flagship3_search_srp_jobs,9,react,,"<html lang=""en"" class=""theme theme--mercado app-loader--default artdeco osx""><head><meta http-equiv=""origin-trial"" content=""A7vZI3v+Gz7JfuRolKNM4Aff6zaGuT7X0mf3wtoZTnKv6497cVMnhy03KDqX7kBz/q/iidW7srW3",discovered_only
7c2d89a6-287b-4f1d-9186-17e01ab7ba02,2025-11-01T23:15:40.623442+05:30,Frontend / Full Stack Engineer,,,Frontend Developer,,react,₹0,100,https://www.linkedin.com/jobs/view/4319535380/?eBP=CwEAAAGaQIUCdefociHgx2kKvRpjLtRda7M0TBpB35Xj1clAmxw5vnmeTHRiL9WjbJU12aUo83qJsym_D_6VYqjd6_WUSD--kFeFR0LzeAIluBt5_5V-zdsi4lUlpzsQOli6qJLOVwVx8OtvXQUM6pElisDcgu67wOtH5GGbMEtAWnmWHkSe95pLDrKWH15kg28usrjjqPru4UQJmTYlhh6IVrzdfyefllICInkdyEA9g24diRvDwwzJAE0OsxJqDdw0IzMix8wIf0VybrgncfloXYE1FmbkmaUbLr7-ksRpurWC2UGrwSz7hV6gRzj1pdbMwNFi-b5hFiwHPBnPdhOkGKU1SVbMx1L5aC9p2VEGIra7ry5W5R4XfMnYyljc8hYeh-7-xAqKrDfl2Qixqcot-eqosSOoKxUj2o40dS0LjGUNa0CyWkb7Ep5qVkOWzCDGnn7tqFaG1AM3YcdBntn27B7s5es7HF9Xiz5u_ZDyuY6JvbIehUz3a7wXBrB8J50tueCGd9ZrZma4&refId=e8ZNuu8llwzIuJY7K7eo1g%3D%3D&trackingId=rCFzV%2FN0sxYf5s6o70R%2BqQ%3D%3D&trk=flagship3_search_srp_jobs,9,react,,"<html lang=""en"" class=""theme theme--mercado app-loader--default artdeco osx""><head><meta http-equiv=""origin-trial"" content=""A7vZI3v+Gz7JfuRolKNM4Aff6zaGuT7X0mf3wtoZTnKv6497cVMnhy03KDqX7kBz/q/iidW7srW3",discovered_only
d52b0de4-f1a8-4715-9a16-825f45b217af,2025-11-01T23:16:12.560497+05:30,React Developer,,,Frontend Developer,,react,₹0,100,https://www.linkedin.com/jobs/view/4317770250/?eBP=CwEAAAGaQIUCdQvYlRlJELU0Gd5xdvyUZfkOZ1p02m6UkU7vWEj8SjajAcDPczTdiV98M6tRUJKMRVHUDXqNCLpFgCDR6SyvE61_cwezqRa3nXGAOsg6u_DP9JFlwCz_4LtppGt6PFTaVIKs9Vls71H6ex7rfNW-hLi051YM9ksfvXkJRBcLVO8gHQWkxYfgrWjvlEIFCWvNClx6yhc3AJECOy9bmCHnPruG4wG9DsJOuWaNXB2sarZ58Q179PuF9dTemYA4xFSQlxE9IaiL2edLXooSf1W6NjCC9EzBAdfd7MhdrtrU-ADQLQXR2kkA31aBBuvPDnijIxVI0CSgr9LApBFtOD5IbBkUUXmO_o2NDbO3p9K6qm0ndayUJ7sPDFO2OfQaN0jgGn-tpblWT7WKUBDhtB938hEgVdQgg2sxJx9DbCPJoR6IPDR1bG4IbWP7_E05yAROhy8uvO1uiMmSPxo45bR5v2v6muYsI6dP_rOsnut19_DXsNxXzHtoZWSkQEaM_7Y2KHk&refId=e8ZNuu8llwzIuJY7K7eo1g%3D%3D&trackingId=pv8qNv5l6uvm2Y4%2BT3W4KQ%3D%3D&trk=flagship3_search_srp_jobs,9,react,,"<html lang=""en"" class=""theme theme--mercado app-loader--default artdeco osx""><head><meta http-equiv=""origin-trial"" content=""A7vZI3v+Gz7JfuRolKNM4Aff6zaGuT7X0mf3wtoZTnKv6497cVMnhy03KDqX7kBz/q/iidW7srW3",discovered_only
308e7c85-2d3d-4787-af23-ee2b895754dc,2025-11-01T23:16:42.967152+05:30,Frontend Developer,,,Frontend Developer,,react,₹0,100,https://www.linkedin.com/jobs/view/4319198314/?eBP=CwEAAAGaQIUCdUjsYBlbxi_qW7KNdRkyja8YBL6pifhvNTenNEJt4MFgRrdr9sK3wTlvRW18MqsYARc0PgjHZgkxUw5eO4aD0SRBgLt9twncpu1IXxcLpwg6oqKB2XC2ldr50JJ4s1Fcalz35PAM51zy7ReGazixg7qBWzETya4dvLCtp9mfHJ1aJeXRJJnDzMkGDp3fWQh42k_smIcOsy6VfYrjfYIXZWX2kkGMsG8GeZ4wiVVZUVS1jDH7URnkCwCefg6YcB-2ybNBlbMiCeTNOnFZ_JWWS9gzBfxKIjVfvya5TQs1rofOW_y6Rx5ftWcIBYxXI2Fia4-ixWMeNghZ1yrPx7eRHQCbyuVrw5CEGc6yQ57RBL85pEIfLWpdoi1hYPMThEnI4y0vDapMzVwoDqHvYYNJnfusTGtEEkg0RZhTj51Rx22RvYgmtORf3Vsb8ZgndgGEwBzmxsxPeObcqw84TRXs6yt-2pZyR419xL_l82bB2LFGAWRz56R9GZhLl-2NHOHun6pr&refId=e8ZNuu8llwzIuJY7K7eo1g%3D%3D&trackingId=1QBNdlmkHhSo0%2BPmnGpj1A%3D%3D&trk=flagship3_search_srp_jobs,9,react,,"<html lang=""en"" class=""theme theme--mercado app-loader--default artdeco osx""><head><meta http-equiv=""origin-trial"" content=""A7vZI3v+Gz7JfuRolKNM4Aff6zaGuT7X0mf3wtoZTnKv6497cVMnhy03KDqX7kBz/q/iidW7srW3",discovered_only
8c374110-7994-4f71-8cf9-54fa673228e7,2025-11-01T23:17:15.138290+05:30,Full Stack Engineer,,,Frontend Developer,,react,"₹14,00,000 - ₹20,00,000",100,https://www.linkedin.com/jobs/view/4318883902/?eBP=BUDGET_EXHAUSTED_JOB&refId=e8ZNuu8llwzIuJY7K7eo1g%3D%3D&trackingId=x0AQ8Qh5ZIgd0KGU5dAZEw%3D%3D&trk=flagship3_search_srp_jobs,9,react,,"<html lang=""en"" class=""theme theme--mercado app-loader--default artdeco osx""><head><meta http-equiv=""origin-trial"" content=""A7vZI3v+Gz7JfuRolKNM4Aff6zaGuT7X0mf3wtoZTnKv6497cVMnhy03KDqX7kBz/q/iidW7srW3",discovered_only
63da9708-c06d-4fab-909a-3472bcf33251,2025-11-01T23:17:46.502367+05:30,React.js Developer,,,Frontend Developer,,react,₹0,100,https://www.linkedin.com/jobs/view/4320283755/?eBP=CwEAAAGaQIUCdcEKuIPuJ_HyB-1hhuCJXcHBBE7fJQnSmuHW09nHyRXFDpHitaSU2m3Q2JDr_1FfvlM70_u5LTeV-r_wwU6ZNDqY_QGKltVyoN7Yr2SktCFPAOzL2JzKzBO2Fw5L5VUUnMkTvG648l-U8CHTR8cc2V3EhWwJbbl9gbDeiZWyizcsv4Q3_-6m7UYBbZx7XwLWvzzcFgHF7_3suwDWRSzXesi_i-9bDiCn2MIXuUtpr1XamXFEFXK2z6NoO23p3rVhXn68H-mrtMSVVPwDkq2g9T-Giq8WbR73KN3Feu7_ZslP_oEPdI1ae_eMNw0PMD-AKbbrC634KTL6upHzzlNrxVrkeWJ8cSRgHX24lyO1VFkPRrmd662BH-xfBG9X9EnNlXIAT4gQ8V7Yiz1VPR96Txy3-1dS5DodtzOYMnhnc2kPqLnwqsUMg74XSYFQMkGao-PFAMyD-Cs9rOxyh7V9nctbu1sYJwSLrTsw44K4n_aonRAqwhFJv8Thi5wrJO_Fn_DdjSl_mubh&refId=e8ZNuu8llwzIuJY7K7eo1g%3D%3D&trackingId=e4JsePy1nRuuGMrS8kgV7w%3D%3D&trk=flagship3_search_srp_jobs,9,react,,"<html lang=""en"" class=""theme theme--mercado app-loader--default artdeco osx""><head><meta http-equiv=""origin-trial"" content=""A7vZI3v+Gz7JfuRolKNM4Aff6zaGuT7X0mf3wtoZTnKv6497cVMnhy03KDqX7kBz/q/iidW7srW3",discovered_only
19191a30-a7af-497d-8d57-58e6f19ee802,2025-11-01T23:18:17.810455+05:30,Frontend Developer,,,Frontend Developer,,react,₹0,100,https://www.linkedin.com/jobs/view/4320185431/?eBP=CwEAAAGaQIUCdUGfWIavWBd9Ublc86oAvgLbrGfHyGgHxqYt7cwsPvu9SOcHZ6mgcEVQvmkg7luSQXIxz6EyxU7gUaLwZ8iIk5hyBrVTokBjBNH-_8gJuYvLohc9BRjEmoDbAel-JSo25v-d_3nllPJlgVcTEV_CHkv8qqzoIIJ__Yjo3MauvlvV0d-OT5c2Ij5WwaBv-hsr_JgPmDJNW_YUmrC_iNP66Qp5-8WuWRTp5rGEpqgPY9oixACxpYvhFXWLYIg8tPjEF9O-WqiZDYUZSlMC7AMQITiaYMYogJJWchoYzgZyq1F7LUDXp6f3rsoVq-8jj9U3ZFsEvfXicR6r28tUKPzMwki-ZpDiCiM1O8iM1C5cn7iKJUyeTgIvYsSO4P9yH10qAFG-xgg5LTXLWezToYElpGMPTL3r9m3GgdRF4AymklVRRZIu2JOP3NPek_v3ZsvlEwFPvezQZRDY_fFk9E2njtr2L5MX_CycMj5-U2nMSh7s_qK723NSh-U6D9YRRT2K8venTUSm9w&refId=e8ZNuu8llwzIuJY7K7eo1g%3D%3D&trackingId=R5qClc4q1oTCyulcts4i5Q%3D%3D&trk=flagship3_search_srp_jobs,9,react,,"<html lang=""en"" class=""theme theme--mercado app-loader--default artdeco osx""><head><meta http-equiv=""origin-trial"" content=""A7vZI3v+Gz7JfuRolKNM4Aff6zaGuT7X0mf3wtoZTnKv6497cVMnhy03KDqX7kBz/q/iidW7srW3",discovered_only
aa10ce80-1084-434b-bbc9-bfb1e64dd615,2025-11-01T23:18:50.475218+05:30,Senior React JS developer,,,Frontend Developer,,react,₹0,100,https://www.linkedin.com/jobs/view/4333605422/?eBP=CwEAAAGaQIUCdeJEoi5OZF196Sfy4xnlk3m0slFceY_FnwkVa4UaTDou_YWT8vyayE507I4Occyi1fwgMo5VLkSXKCxZRMwryahRHbd3mGRp0Wrso5zAqAOklr5f-IHp5zIuJGvZov1F1QeUORacphRydYuqu-EkrQ91Ouqa6xtb4ldfB6ikqVL2eoVVRKs-J2V-pSFQcuQdYy9lVGuQkTjVS63ZuZnMqkXQk12WQJCSkvIu6LBq0jx66hgxfBEAxkYNnTT3c0Jo19qKLfZ7OpxOKfTNMgKIYvtkWlSUoanKhBM7K3085xgHYK2kTMCxQ-DoN5SzTveUIdOcEnn2QtS_sQNr0AyJDnIaG5wUUsCRxz2vOeDBtvwVYAK6cs1BZplMRidEUPCSjWxdudaqdFesYmofYuZJlIjw_TGb-S2JYYC-neFZ9Ub2TTYXo5AinDhiCQnc8-Znf0I6UHuvd_arSEQI-Oy_fvlVpgrHUIAKAyzDNhfBOOvxnuU8PbAK-FBXR_ZZZKRMGc9QteZCIlvJfV5kRjuIVg-kOAsG94nhPLmsUUSycIYg8Q&refId=e8ZNuu8llwzIuJY7K7eo1g%3D%3D&trackingId=HQJu7cmBxAZdG8enj4nkrg%3D%3D&trk=flagship3_search_srp_jobs,9,react,,"<html lang=""en"" class=""theme theme--mercado app-loader--default artdeco osx""><head><meta http-equiv=""origin-trial"" content=""A7vZI3v+Gz7JfuRolKNM4Aff6zaGuT7X0mf3wtoZTnKv6497cVMnhy03KDqX7kBz/q/iidW7srW3",discovered_only
d153729b-208c-4fa4-9a1b-e1b6d1b0ae99,2025-11-01T23:20:31.033773+05:30,Frontend Developer,,,Frontend Developer,,react,₹15,100,https://www.linkedin.com/jobs/view/4318942799/?eBP=CwEAAAGaQIlroZQI1l-pQYsNkeNdsvtjzgD24Diqms3rLVuPoGW0W7GnI5tlZ7Sqk55rGGvvA6RAQDh-d1l1NOz0KQ13GcUMTUsvyuVLfJ_AeMpKK6TZgFnY7nym90qcoRYy9ZpBBqqmesCqh3X-IkhsDZwadDMYPqmNOIPTT5JedhUdyucADXAL2ClWUfOfMjlJZMONaKKnuVfI6fBf4pa-dFxmdocM6DOJg3i3XoewvdOLBp4_Gl8J85Uh-9yGPewaxKINPwTsggdqdbw7L1YkqpFN2maDycEcteUgTBMhhS-Z9OtlSfnsQXzGOb0GKJ7Th7F3h3bBAtXBwJ25shLlwYGj6oYUzqiiCIe1U7rJHlrfA8iL4_jfEv2rQnzmiUHml8NR3HDcs60PirxGNuzqRMIy0YGGpStnZTU2KOvLKrz4KwVF10Zw59oPxdAbxv0Pr7rNNyisuVbYbjyvfDtPUCAxlmqmKD7z-JcHhJyCtUwbmlYgeWNt3mryJt7etBuXaOYsU6bT6BfTg_1DHA&refId=Z0Xwx%2FM%2FFzQQtfFXkvc7eg%3D%3D&trackingId=%2FCjtp7GDMS0iuIhOoDmJuw%3D%3D&trk=flagship3_search_srp_jobs,9,react,,"<html lang=""en"" class=""theme theme--mercado app-loader--default artdeco osx""><head><meta http-equiv=""origin-trial"" content=""A7vZI3v+Gz7JfuRolKNM4Aff6zaGuT7X0mf3wtoZTnKv6497cVMnhy03KDqX7kBz/q/iidW7srW3",discovered_only
5a2eb2e0-cac8-49ac-9790-d8ed025ae739,2025-11-01T23:21:04.417471+05:30,Frontend / Full Stack Engineer,,,Frontend Developer,,react,₹0,100,https://www.linkedin.com/jobs/view/4319535380/?eBP=CwEAAAGaQIlrocz_SHgfhjsuiRzx8mfqsMnG_HuITDu4q9RhmslvEhQX4iyzW_Nzp0o1y3qM8Ylunwty0WctV5Qjyl_L_1c6yvQPbUexed0mt9UQF23Q75Ax0049UMwSMJeX5swyuoC6B4M12JJo7O6YYq3IiW1f8qtsGL0EJuMqUDeI3JRd2RM2kM_xKOw_bxrDR9xtZB_YmuxntSXDYNxjOq_cZl-LaM9IXaPodesIsRnWHI1CXRZqHTtFWsdCZkHNZQi8J7whRO1fB5WpQCM8HDrdcJs8E-3gAcfoRhI4LGlQ0ZGfZzbnBCiQA1ubCke5DhRXa85yD4S45DWVTIoC7-040pvig1uFrXKTNO3mGrNOcFvmBj2smYhChl2me_cDLOYtHDX6SoUOMXHOtxrOMtQ_g5AmGf-VclTuNFLB7sZnJv9z-POb4iaUma9MDbiFNiF24yczKZGsb2_swStdda42Xyi8qv-U85FLESHAvuA1VbdojmdLbT4BWJHU2YVUqoCz0yGiVwWYCRFRmg&refId=Z0Xwx%2FM%2FFzQQtfFXkvc7eg%3D%3D&trackingId=NM7rffh7WP3M0Q8iaDgm0w%3D%3D&trk=flagship3_search_srp_jobs,9,react,,"<html lang=""en"" class=""theme theme--mercado app-loader--default artdeco osx""><head><meta http-equiv=""origin-trial"" content=""A7vZI3v+Gz7JfuRolKNM4Aff6zaGuT7X0mf3wtoZTnKv6497cVMnhy03KDqX7kBz/q/iidW7srW3",discovered_only
56881c3a-19e8-4cd8-8ca2-ab33ba12fe2b,2025-11-01T23:21:37.288729+05:30,Frontend Developer,,,Frontend Developer,,react,₹0,100,https://www.linkedin.com/jobs/view/4319198314/?eBP=CwEAAAGaQIlroWaeumBwj1LxDx4IzvtTCl_jlqvBUhx7NVrsbJmGGzQPvjVFRv7L3ctdg8QHENoGPHrepv8HbR02bA7m_8Qlb-aBdAU0uCssUxYHvOa4aSIKEdMhi_L1_nwEmclTvS06WijypNx6zCankpjsp-7XRyKsfYayE2Ezy51DivHLbm7R1JPLvkiVupetXIjiY74dXkbx3cJvoLmyAF1yGJaUHwuAlPXkveNZW6gzgqjIocxUqvQ2OEvWf3Kq8uD6PCKRIW6t5Ujxtbi8rVbleDclaF3OJTTJ6z1JAyhrlFYz3xfN5FBPYE-cSOk4mkqb-YwdS8DSFYDlv4wFzWI8QOUQKVNt9bmRLdi5RN9t7QYuPeLWZOwYsybMzyJNXogojMhbbQ8DkXWHeRxkCTGhS1Xrkst16PfIAetzMAIxEEs7oWz1yBBV4lHANIJI9-RUNfJrBNbGA8AIdhY2ZzWHK_IxsQcFYpBr4VlXytcqaOmvlLpJih_MT-Qphpwa-19i5N3M_mLjuK62ug&refId=Z0Xwx%2FM%2FFzQQtfFXkvc7eg%3D%3D&trackingId=n4B%2BjvmJ8dkKh9Fo3R1hVQ%3D%3D&trk=flagship3_search_srp_jobs,9,react,,"<html lang=""en"" class=""theme theme--mercado app-loader--default artdeco osx""><head><meta http-equiv=""origin-trial"" content=""A7vZI3v+Gz7JfuRolKNM4Aff6zaGuT7X0mf3wtoZTnKv6497cVMnhy03KDqX7kBz/q/iidW7srW3",discovered_only
6590c00c-96e0-4f96-be6a-4956ca707086,2025-11-01T23:22:09.217777+05:30,Full Stack Engineer,,,Frontend Developer,,react,"₹14,00,000 - ₹20,00,000",100,https://www.linkedin.com/jobs/view/4318883902/?eBP=BUDGET_EXHAUSTED_JOB&refId=Z0Xwx%2FM%2FFzQQtfFXkvc7eg%3D%3D&trackingId=GihQBX2R8%2FrbmsAgw1rswg%3D%3D&trk=flagship3_search_srp_jobs,9,react,,"<html lang=""en"" class=""theme theme--mercado app-loader--default artdeco osx""><head><meta http-equiv=""origin-trial"" content=""A7vZI3v+Gz7JfuRolKNM4Aff6zaGuT7X0mf3wtoZTnKv6497cVMnhy03KDqX7kBz/q/iidW7srW3",discovered_only
21d9f2b6-27cd-478a-b739-143c5cf82e0b,2025-11-01T23:22:40.675519+05:30,React.js Developer,,,Frontend Developer,,react,₹0,100,https://www.linkedin.com/jobs/view/4320283755/?eBP=CwEAAAGaQIlroQ1e0UZawQflP4o-yi93XvuEDy0cZ8iEJ4hfvpXGzOAH-a3MTZdFNwfhzc67HECduZKsoiCXWkZZbV7Xp-MoHKM25Z6zgxMqee_PGt5Mxdo6VUGv95gPMPHR1YZSRjpgByBrcjw4hSqi3_cbKcl4J_0KTgjBDDg9YM3y09StHzMsNSmFrIVqXO9pW3M2uKTAayAwRb896qYcjyq18iXAiypT3vHbQfHYveBm4Gdyq3a9sRdD4EcEHTbcrmQwqdizigLxcx7AwkJfENR0EZ_7tBogAMkpk0NxTvfJg4ykxpTCRD1AVZzSs6Y1p3SSbiRrKBsksanVTrSccqInFZlKBhK2cBPgxRX5LU1vOKFrgQX9ZtrtBAOkIa7E3bPkm-HX3Ba1V2xAoDyQS51yMQ_f8JRWq0oDToc6Ua0G26r1OuQxeO-JMcwPjWFEV9bkkPK_LU7iqDvOm42B2iOfvBQIkRvCDlhKz0qfYPV2L6XDr21c_bjq8hHvwurred74fv1FexBbfAfumslbFLhqnA&refId=Z0Xwx%2FM%2FFzQQtfFXkvc7eg%3D%3D&trackingId=257pLa7yGdQZmCwvGlxblg%3D%3D&trk=flagship3_search_srp_jobs,9,react,,"<html lang=""en"" class=""theme theme--mercado app-loader--default artdeco osx""><head><meta http-equiv=""origin-trial"" content=""A7vZI3v+Gz7JfuRolKNM4Aff6zaGuT7X0mf3wtoZTnKv6497cVMnhy03KDqX7kBz/q/iidW7srW3",discovered_only
a252b76f-fff2-4c13-accf-db62f65e8504,2025-11-01T23:23:11.539873+05:30,Frontend Developer,,,Frontend Developer,,react,₹0,100,https://www.linkedin.com/jobs/view/4320185431/?eBP=CwEAAAGaQIlroeF1vhkduwzsanzlriNsK8aPB4Vp9scivUiww47BtZGHvAYeSPgJhrqZFaGsb07hhc3fbhB41mMMyHOEKpzMzCI6EmNjB5OCRwkfskTrdQ378vx7WoZHJPQnvE982_mW9YK7zrsxE7wndw68TJrr0nC0wsPEe5LR1AUCSI05aNe-6N4i7oanfSoXtwLpg82_kr5xG5ZR8DfTsZh933gUUunJ0qM09WLDR3ff7_3tM8Hu1FBXID6SIetpO9wL_A_GJKdEDi8pahsIHKO6r7ChKjtuhOkBcrUrR6B9iqG1gcBAHu9U_Qx2M4Q9sVS8yyZsY1rowYJ562_7nCKGS8qAS2B_R9W3NveM-1-Qm2So-ptB5Cow7S2uHTc3NBSduFINFsNAAVIj6An_i4TqUi7EJaBU1DWcvjKeueC8sARGc3UaahIT2nIwLFjojyVq01bgi99ARJVu-uQo-rkXcKAP4AwkDppeqEaGtUUvlJb-xWQbTkjygslbd2czcaMrTN5TdL-p22Zta3bsEo0&refId=Z0Xwx%2FM%2FFzQQtfFXkvc7eg%3D%3D&trackingId=rLNBmrgZ%2F0Ff1YqFoduKQA%3D%3D&trk=flagship3_search_srp_jobs,9,react,,"<html lang=""en"" class=""theme theme--mercado app-loader--default artdeco osx""><head><meta http-equiv=""origin-trial"" content=""A7vZI3v+Gz7JfuRolKNM4Aff6zaGuT7X0mf3wtoZTnKv6497cVMnhy03KDqX7kBz/q/iidW7srW3",discovered_only
20842e2e-27c3-4039-908d-e6afae79a227,2025-11-01T23:23:41.252132+05:30,Senior React JS developer,,,Frontend Developer,,react,₹0,100,https://www.linkedin.com/jobs/view/4333605422/?eBP=CwEAAAGaQIlroce-r7toJ6rDdTF8G4Nyb2IngIisv2bM0JU-jcutyOFQjTVAdmH9tKN_ImE-VtyBAKU92qFRPHN1s3fEoNnno0SNLRV-DobZWCcmGsYg2MDuqH4DDAlQcueJ5isjNgzi9193RZ6fVmEjEuT-Nv5eaj75Fox7bvqOpckpB7L18HkaI6FJvo02nMuYiJP8t5aQEdGCBCo11rGjxDy2KY-Ccl6ofz6q0ro-e8t8hj7PBgjYQ3zPBjZT8CBKTKGji-dIoWYkmQ4f7j4HyqsuN6JZAQkdJ4Dxn4ys-60k0CN4fGQLOVL3ZSAZVSYAupRmlwrsdqQgdIlRPeanTsa0DYfuDeeyPBv243Kv6adr-DOxKVvdWCzyezplVTgLHG3bKHTZi45D2ltPrjxDJv3bWB9WB_8P-W_745V5jmFqVE9xZlBz8vq4J5zx79V--nzRQA4jxo-bMxm4NpXLwudCAH2fPajNx_oXcfyyG9U2okuL5dqt3W52D8n6gDJ7c4hosP-D6npOC3b8hGaCTh1IKo3ruOlRmME-q64LSyk1_R2fdYQd2FUySAw&refId=Z0Xwx%2FM%2FFzQQtfFXkvc7eg%3D%3D&trackingId=BeTDNjx6cdGVHL3X1NwNIA%3D%3D&trk=flagship3_search_srp_jobs,9,react,,"<html lang=""en"" class=""theme theme--mercado app-loader--default artdeco osx""><head><meta http-equiv=""origin-trial"" content=""A7vZI3v+Gz7JfuRolKNM4Aff6zaGuT7X0mf3wtoZTnKv6497cVMnhy03KDqX7kBz/q/iidW7srW3",discovered_only
e6696202-121a-4d07-8645-22187dd74be5,2025-11-01T23:25:21.855148+05:30,Frontend / Full Stack Engineer,,,Full Stack Developer,,react,₹0,100,https://www.linkedin.com/jobs/view/4319535380/?eBP=CwEAAAGaQI3ZEcE142PbEenJzeTQbt30ZDf8Nzw2wS-hqJdVLGm-9R64WC3t_s-WYcl_xUuv3IBtRDXMzLv4lwcD1zHJtzZCENVIsq0mNlUpAB1h-F8HTScbJEFteaKw2Se-vDkZ80WX1IS888QhQ2vBcci2M-ZmRvhEUta3hkigvWq83oiHYH2xwsYPMwrA88czgVd2T66QOTjJ9CbKrFEG2KDfeRpOlfOXIrCSv_46Eol9boSWtTvyvLd64NecmwQCOv0rSrhIh8XBfCP0uTHFmEm_WkFnGY8D6bi8usST3jZ_DiL5SnVB2ydr00K61LfBg5GO-lgrMT_i5ub-v5Tu9Gart0nvYhIetiKbUjH7G_4ik9V1VAQpPDUtykcYt0fAyTL8hmk1wxcpxCrrEJ9lCZjAvl_UbhYq54FlgQj1eE0Oh-4O2Q5dzfHJ4k5sp1R-uc-o8OAl0EYmrmJ7QGkmue7WUQwxERLsWuXQRmgOXSUJ4wbp6nxl5w4uoL-CxtQIXXNYGs8hFCr1&refId=AB1uoLX6vETaGnpxyiIYGA%3D%3D&trackingId=5rRHbZLNwY6kqRhWzhCE1Q%3D%3D&trk=flagship3_search_srp_jobs,9,react,,"<html lang=""en"" class=""theme theme--mercado app-loader--default artdeco osx""><head><meta http-equiv=""origin-trial"" content=""A7vZI3v+Gz7JfuRolKNM4Aff6zaGuT7X0mf3wtoZTnKv6497cVMnhy03KDqX7kBz/q/iidW7srW3",discovered_only
d82103b9-facb-489c-bc6a-33ce041520b9,2025-11-01T23:25:53.051920+05:30,Frontend Developer,,,Full Stack Developer,,react,₹0,100,https://www.linkedin.com/jobs/view/4318975883/?eBP=BUDGET_EXHAUSTED_JOB&refId=AB1uoLX6vETaGnpxyiIYGA%3D%3D&trackingId=0tXeXP2pVpg%2FQXdS%2BjgrUg%3D%3D&trk=flagship3_search_srp_jobs,9,react,,"<html lang=""en"" class=""theme theme--mercado app-loader--default artdeco osx""><head><meta http-equiv=""origin-trial"" content=""A7vZI3v+Gz7JfuRolKNM4Aff6zaGuT7X0mf3wtoZTnKv6497cVMnhy03KDqX7kBz/q/iidW7srW3",discovered_only
1cd8bfa7-0887-440a-ba40-3b02fc225155,2025-11-01T23:26:22.728241+05:30,Full Stack Developer (MERN / MEAN),,,Full Stack Developer,,react,₹500,100,https://www.linkedin.com/jobs/view/4319860465/?eBP=NOT_ELIGIBLE_FOR_CHARGING&refId=AB1uoLX6vETaGnpxyiIYGA%3D%3D&trackingId=izsPc3iJDKFAZqyKaYna8w%3D%3D&trk=flagship3_search_srp_jobs,9,react,,"<html lang=""en"" class=""theme theme--mercado app-loader--default artdeco osx""><head><meta http-equiv=""origin-trial"" content=""A7vZI3v+Gz7JfuRolKNM4Aff6zaGuT7X0mf3wtoZTnKv6497cVMnhy03KDqX7kBz/q/iidW7srW3",discovered_only
a2360e33-38cb-4618-aa0d-0f8ffba67561,2025-11-01T23:26:53.619938+05:30,Frontend(React) Developer,,,Full Stack Developer,,react,₹0,100,https://www.linkedin.com/jobs/view/4333443485/?eBP=BUDGET_EXHAUSTED_JOB&refId=AB1uoLX6vETaGnpxyiIYGA%3D%3D&trackingId=ZoUaM8fKTZ5cLTPKhw4nqQ%3D%3D&trk=flagship3_search_srp_jobs,9,react,,"<html lang=""en"" class=""theme theme--mercado app-loader--default artdeco osx""><head><meta http-equiv=""origin-trial"" content=""A7vZI3v+Gz7JfuRolKNM4Aff6zaGuT7X0mf3wtoZTnKv6497cVMnhy03KDqX7kBz/q/iidW7srW3",discovered_only
4792f175-8b40-46c0-acb1-e36983de2449,2025-11-01T23:27:24.529767+05:30,Frontend Developer,,,Full Stack Developer,,react,₹15,100,https://www.linkedin.com/jobs/view/4318942799/?eBP=CwEAAAGaQI3ZEZ03PuaG0R4VUQUvj2O4AIbHXRfMRAWwjBcdB9X1bmMT88ejN4XfsMXBb4tRFhCmUfXdl9a4lKzM9TUn_kvqRvFzDZOKIRkUKlrt81JegoAL1G6YQMIz8825p6zVSF3jGRL2MjwdkJV9tkUrZMfs0Al2Jv6lYDxdnqwoEZjsa1OytUDhmizlHf_KGboc3K9bPDzpLQ0yXY2axC_8G_k2ICBzYvIj_bPfY3n3b5I9V1YfG8tIxXlqxEvXCklwSm4fYkxpXkocfOaNtFPB4_4YJ7txAdj7RfFU3eBAJspw9tfC6-ZUL72SaF-5DBDmsBlOpeiNAuIH0jgFBUm2tRMKchioVfJeqhnZ4jrbJjC_MZmE2txlymNdNvz85lXFC4LMbDg_QqV4hNC-OgCGQmVPnirywQhpFFq0fazSKYfjkhiwYQ_Tp2mE2AYB-3hcydft6CBdTIG39sk3ssZU-tiJYePwklX5ncQC5HMdlTCpAXNn5kU_VvGOrIQh0JWPDV7uTwA&refId=AB1uoLX6vETaGnpxyiIYGA%3D%3D&trackingId=vQSpiRqwBR2qnncr8FuELQ%3D%3D&trk=flagship3_search_srp_jobs,9,react,,"<html lang=""en"" class=""theme theme--mercado app-loader--default artdeco osx""><head><meta http-equiv=""origin-trial"" content=""A7vZI3v+Gz7JfuRolKNM4Aff6zaGuT7X0mf3wtoZTnKv6497cVMnhy03KDqX7kBz/q/iidW7srW3",discovered_only
05a9a9cc-dd79-48f6-a250-0ece04fa901c,2025-11-01T23:27:55.969072+05:30,React.js Developer,,,Full Stack Developer,,react,₹0,100,https://www.linkedin.com/jobs/view/4320283755/?eBP=CwEAAAGaQI3ZEUGnmCjLrHjx33tdeQQ8q7S4ma5xqDkzW5EdqnRndPxt3GNBWLlNqeCrc5mvFxcbUPOM234BifMjWwHv1HLfClmBeJmXl7jdyFLQ5NX34zl8ueqSG35xWU4VIHrBy0uXkG3ovzAB1dR9aP5TRUy80KzYdcZ86LUhURRIEL4aK7mZsnVhMhCjg3hu5uIQhuQhj9aizLDvaWe7N3pkVZMEsscj6_1sAeaRNXb8W33dLb4Dschjd-yvev2A1Z64w7dTG9p3DnAjaAtQDyJqV4WnupgQS3HCG5J6WEfYBxOBgeJ2Di52vMS4abJgFR4-KvgplrTmlVvy9V3j3baNGmA4CjogGHm-Wfav9sT1Vi5YkmLHJzZHaqf1MwMIri_cV1c5fHAeFi6_FDIcgFQNdK2VNdzRwR-H4l3782U_3iLLUbGSATkZ-p53MNLlqrRColDHur8IoV4XinFDR8uS8XidEhZ-no05AeQSAxQN08bereqIB32MmV4XxFKfvuLa9Tn0T-42Dn8SWwnZ&refId=AB1uoLX6vETaGnpxyiIYGA%3D%3D&trackingId=CnEkKLaoavYC%2FTCg2f1%2BrA%3D%3D&trk=flagship3_search_srp_jobs,9,react,,"<html lang=""en"" class=""theme theme--mercado app-loader--default artdeco osx""><head><meta http-equiv=""origin-trial"" content=""A7vZI3v+Gz7JfuRolKNM4Aff6zaGuT7X0mf3wtoZTnKv6497cVMnhy03KDqX7kBz/q/iidW7srW3",discovered_only
25208dff-28d1-4e60-ab74-70eb41567148,2025-11-01T23:28:27.007285+05:30,React Developer,,,Full Stack Developer,,react,₹0,100,https://www.linkedin.com/jobs/view/4318975055/?eBP=BUDGET_EXHAUSTED_JOB&refId=AB1uoLX6vETaGnpxyiIYGA%3D%3D&trackingId=jltmlGkuuXbDrPCQdrpoLQ%3D%3D&trk=flagship3_search_srp_jobs,9,react,,"<html lang=""en"" class=""theme theme--mercado app-loader--default artdeco osx""><head><meta http-equiv=""origin-trial"" content=""A7vZI3v+Gz7JfuRolKNM4Aff6zaGuT7X0mf3wtoZTnKv6497cVMnhy03KDqX7kBz/q/iidW7srW3",discovered_only
f461d404-5653-4fa8-a7ec-0316025c9e77,2025-11-01T23:30:07.352848+05:30,Frontend / Full Stack Engineer,,,Full Stack Developer,,react,₹0,100,https://www.linkedin.com/jobs/view/4319535380/?eBP=CwEAAAGaQJI025DPsqRdLzGFnCoJJQGZnfOfs1QnI7L7bNs8GN_8qisuQru_wSzy6LEMOa-0Gwj7JJG5bKwBlFXhgJ6r1o5O3RsDKLsOYf6KnDCtOqZJdmtKtPPsPw8Recz87W3o1kEnM-CNYGWISbz5Kk-zTMi184LxU9tLC3lNdwEyHPFbH_RSg5--SGgASohI_c0nt4pORcl1h2sQMJhssjAiNCUPQEd3qoFjwruE6dI1s7z5b9Z4XVkkry3ei3eP4zqmpHt5brOWgJzbcbN5lxrqfYm4h_eLFLS4fb4q9JO8Uw0hnkahWIH7HeaBIh2ecREFHJLqRjaZ6rMj_BAObk6W5LuxRMBxYTESzMYFdDMmcdVKS8CM5NnYJIGspu6JcHO2Tw-BHSXHsLJD-YgYImmpG0kAOvOh5qs4oQKh4f9vQK_qd5lwMnWJDpqqDSJbbKRMtZu63EwCJ14ly801qh18ykkCtO2ZwA9IMQAK0MD0Gz4bBVwZIGPfv7qVoqR1nGb1nb12XxgM&refId=QiwQ1Ogb2dk3hszOQDNVbw%3D%3D&trackingId=WDt0%2FJqi3LPT%2FiCGG6iKtw%3D%3D&trk=flagship3_search_srp_jobs,9,react,,"<html lang=""en"" class=""theme theme--mercado app-loader--default artdeco osx""><head><meta http-equiv=""origin-trial"" content=""A7vZI3v+Gz7JfuRolKNM4Aff6zaGuT7X0mf3wtoZTnKv6497cVMnhy03KDqX7kBz/q/iidW7srW3",discovered_only
f907f8ee-1290-4ed0-85c9-efcbf193f517,2025-11-01T23:30:38.195855+05:30,Frontend Developer,,,Full Stack Developer,,react,₹0,100,https://www.linkedin.com/jobs/view/4333087857/?eBP=BUDGET_EXHAUSTED_JOB&refId=QiwQ1Ogb2dk3hszOQDNVbw%3D%3D&trackingId=QqS6hEZpD9p3jhB5Kbtz%2FQ%3D%3D&trk=flagship3_search_srp_jobs,9,react,,"<html lang=""en"" class=""theme theme--mercado app-loader--default artdeco osx""><head><meta http-equiv=""origin-trial"" content=""A7vZI3v+Gz7JfuRolKNM4Aff6zaGuT7X0mf3wtoZTnKv6497cVMnhy03KDqX7kBz/q/iidW7srW3",discovered_only
8533ab33-5cea-4ed7-97ca-72c2b7431f41,2025-11-01T23:31:10.532491+05:30,Full Stack Developer (MERN / MEAN),,,Full Stack Developer,,react,₹500,100,https://www.linkedin.com/jobs/view/4319860465/?eBP=NOT_ELIGIBLE_FOR_CHARGING&refId=QiwQ1Ogb2dk3hszOQDNVbw%3D%3D&trackingId=JjM6Z79PO8J79vUPcrXv7g%3D%3D&trk=flagship3_search_srp_jobs,9,react,,"<html lang=""en"" class=""theme theme--mercado app-loader--default artdeco osx""><head>     <meta http-equiv=""Content-Security-Policy"" content=""script-src 'report-sample' 'strict-dynamic' 'nonce-R_eaOQEFO",discovered_only
f6e2365f-7d05-4e91-97d2-c6d94847d6f0,2025-11-01T23:31:42.279932+05:30,Frontend Developer,,,Full Stack Developer,,react,₹15,100,https://www.linkedin.com/jobs/view/4318942799/?eBP=CwEAAAGaQJI025uIqaigIyrF3Y0JHyg72qHmiHNxCHbQw9QNSRTZeDSCfBrsNkb_qTWVhAbqkoSjpAVIDmpTZUoJQ9VvJgDBbGBLM9S5xwkH95cUURk1W2FliTwloLHyzs9OavLOKTQsZy6zGyki2UJwCH1CwFJ3iNaQMPSmBlCa21ka54fFHPzpZoVu0FTlFQTjjyafdmCYnCY9nj608bQNPph5aXvn2BrrOlnkPozJExB2TV1LNAdp67YoiBK47iUsC2xKk0Mofn4JuAdBmuS8PVHBrRLDmX48S-hKgj05Vw1QWP65eEGmHxdCxmyvFtyY-XDIbign1w5YEf9ZnGmyFJGVvmMvJBn0CIp_uimsnzIghWdl3D2cGKdqsGHvT_4XgmhfBy6EfMbKtkj1tB3oj5ogsqNECmZylj-1olfUxF8pv2ms9v5Zoa-e87sKs63lbwQzy_AlY7DExR855-XNNDNw1eKrVyEgXly_6Tbr7zEMoJrpt0R7ml2InfGiMweG6SF0D9wXiEk&refId=QiwQ1Ogb2dk3hszOQDNVbw%3D%3D&trackingId=difH1clvXsBDNi4RN8cshw%3D%3D&trk=flagship3_search_srp_jobs,9,react,,"<html lang=""en"" class=""theme theme--mercado app-loader--default artdeco osx""><head><meta http-equiv=""origin-trial"" content=""A7vZI3v+Gz7JfuRolKNM4Aff6zaGuT7X0mf3wtoZTnKv6497cVMnhy03KDqX7kBz/q/iidW7srW3",discovered_only
878ec02a-2b1a-4f3f-9421-efb734499a04,2025-11-01T23:32:14.534826+05:30,React.js Developer,,,Full Stack Developer,,react,₹0,100,https://www.linkedin.com/jobs/view/4320283755/?eBP=CwEAAAGaQJI02-TxgFppN-AFWM6O3P4XWWOT9gGqhbTI50Sb061XQoLkrzGo5nnJlbdA5r1oeZAckejZgjSVioTscFyoWjz1tW9myafaeDMJDSACSH-fpg5yMIIAbeEkMu_7A8XAjf9Ar3WqdxdXygfFirrNjqAABI7d75ZOhxrXWU4QG_qVM0XnZEDY40kVR-SQUZi9fkhOm0SLRFFQU3pvBrQnPYRn89zgGuJpwRGDe0fY51Ff34DQ0T2dPnoHrDBM-Ayn5zZ54eZDXtmBCre78bbQKBI3JDTa4827dFbItzOPTBsxB5z6I36KhgBHCHmWfLtdx3uFT3Cm3XMrtIj5oImshXRQPYI7DyCwyi-H0ilj4arqriJ30HgDF0JScuCuV5x5xyd_pwvkYGQDz6zlWhT8PfZmiJEn7eAx1LEXo6gRgUNV7aXVlD43odhQHMgfx9oMYULO6XcOOx7r73-6EPWpQQl8UP-zxL7UvzYb4LJLit8b_JfDJAxn99RUcel3PWNTp93aw6H9xOxUU0Dg&refId=QiwQ1Ogb2dk3hszOQDNVbw%3D%3D&trackingId=A34Bnc8CmMTfaINDz%2BxzQQ%3D%3D&trk=flagship3_search_srp_jobs,9,react,,"<html lang=""en"" class=""theme theme--mercado app-loader--default artdeco osx""><head><meta http-equiv=""origin-trial"" content=""A7vZI3v+Gz7JfuRolKNM4Aff6zaGuT7X0mf3wtoZTnKv6497cVMnhy03KDqX7kBz/q/iidW7srW3",discovered_only
e339b44f-44cb-4f5b-93b9-a73e880638fd,2025-11-01T23:32:45.930122+05:30,Frontend Developer (Next.js),"posted on july 11, 2025",,Full Stack Developer,,react,₹0,100,https://www.linkedin.com/jobs/view/4319422464/?eBP=BUDGET_EXHAUSTED_JOB&refId=QiwQ1Ogb2dk3hszOQDNVbw%3D%3D&trackingId=bR2C5dblEqiTveJH1fOx4w%3D%3D&trk=flagship3_search_srp_jobs,9,react,,"<html lang=""en"" class=""theme theme--mercado app-loader--default artdeco osx""><head><meta http-equiv=""origin-trial"" content=""A7vZI3v+Gz7JfuRolKNM4Aff6zaGuT7X0mf3wtoZTnKv6497cVMnhy03KDqX7kBz/q/iidW7srW3",discovered_only
70165463-df1d-4699-99f1-7a6e7dcc7135,2025-11-01T23:33:16.386378+05:30,Full Stack Developer (React.js / Node.js / React Native),,,Full Stack Developer,,react,₹0,100,https://www.linkedin.com/jobs/view/4324742298/?eBP=BUDGET_EXHAUSTED_JOB&refId=QiwQ1Ogb2dk3hszOQDNVbw%3D%3D&trackingId=AWq%2BSD2waQauOUiLCSdPMw%3D%3D&trk=flagship3_search_srp_jobs,9,react,,"<html lang=""en"" class=""theme theme--mercado app-loader--default artdeco osx""><head><meta http-equiv=""origin-trial"" content=""A7vZI3v+Gz7JfuRolKNM4Aff6zaGuT7X0mf3wtoZTnKv6497cVMnhy03KDqX7kBz/q/iidW7srW3",discovered_only
a7b79c4d-c286-4b63-8d73-0f559b4cd504,2025-11-01T23:34:56.210549+05:30,Full Stack Engineer,,,Full Stack Developer,,react,"₹14,00,000 - ₹20,00,000",100,https://www.linkedin.com/jobs/view/4318883902/?eBP=BUDGET_EXHAUSTED_JOB&refId=e%2FRbpwy7%2BtiJzz13OQOWLg%3D%3D&trackingId=IKKUCo1wZD%2Ff3GnHjL3Rpw%3D%3D&trk=flagship3_search_srp_jobs,9,react,,"<html lang=""en"" class=""theme theme--mercado app-loader--default artdeco osx""><head><meta http-equiv=""origin-trial"" content=""A7vZI3v+Gz7JfuRolKNM4Aff6zaGuT7X0mf3wtoZTnKv6497cVMnhy03KDqX7kBz/q/iidW7srW3",discovered_only
48406628-25b6-4a1b-aac9-5e9a5027572f,2025-11-01T23:35:28.837017+05:30,Full Stack Developer - India,,,Full Stack Developer,,react,₹0,100,https://www.linkedin.com/jobs/view/4318086434/?eBP=BUDGET_EXHAUSTED_JOB&refId=e%2FRbpwy7%2BtiJzz13OQOWLg%3D%3D&trackingId=EfcZL8fSOxiohKLg9bVUNw%3D%3D&trk=flagship3_search_srp_jobs,9,react,,"<html lang=""en"" class=""theme theme--mercado app-loader--default artdeco osx""><head><meta http-equiv=""origin-trial"" content=""A7vZI3v+Gz7JfuRolKNM4Aff6zaGuT7X0mf3wtoZTnKv6497cVMnhy03KDqX7kBz/q/iidW7srW3",discovered_only
480fc518-28df-49a8-b9d0-27fdc97f25b3,2025-11-01T23:36:00.540347+05:30,Full Stack Developer (MERN / MEAN),,,Full Stack Developer,,react,₹500,100,https://www.linkedin.com/jobs/view/4319860465/?eBP=NOT_ELIGIBLE_FOR_CHARGING&refId=e%2FRbpwy7%2BtiJzz13OQOWLg%3D%3D&trackingId=jANUy00yXGJEs8wYLRFasw%3D%3D&trk=flagship3_search_srp_jobs,9,react,,"<html lang=""en"" class=""theme theme--mercado app-loader--default artdeco osx""><head><meta http-equiv=""origin-trial"" content=""A7vZI3v+Gz7JfuRolKNM4Aff6zaGuT7X0mf3wtoZTnKv6497cVMnhy03KDqX7kBz/q/iidW7srW3",discovered_only
7b66d44e-871b-4d4d-a312-443b0654713c,2025-11-01T23:36:31.235645+05:30,React Developer,,,Full Stack Developer,,react,₹0,100,https://www.linkedin.com/jobs/view/4317770250/?eBP=CwEAAAGaQJagX__Bragxv5c7o8EMPgHonYdSzN3dSNOiemjUYn6kV66RP38RU580k2cTxDnBJ0KYcyQQicX8vWJF6PQPMLXK8MhME9NP3dGLZbOn2R6WvYqgCs6jLFPTlJCrg3wPw6MlOPmv9LALxfc0iXizylktPr9douKZ5T03NrbNd1M0SOpr8RMu0V6Dp280pOU3SSETSsNq7kq_XN_6Al-7tHcSLjIJaMtGK0yJaJCuac8JOud0D9rOozuKebHT3FUvrX85vHOVEkywjXVnjlIbP9IHNxxR1NmIdxomCj15OblPGmTEtRJe7oN0zUhVGvJBNXlG-j2h8tLF2FYjORqZA_E1nBM2Gfx7Kr0kFErt3hK1jZq4cpuPR1cMck1Zee_MQRndJgbTkJjjLbZJk38jxd8V55II2VfQSUz98c7rpOQ57iinaQafsS_0LA-lZF64P1q5E5aUJs68xC1de31AVu5zYNv_hhub3uU9cAcW-Ojh3xFiEBOXtaUunPMRgbqf_kMbImBWI7nk&refId=e%2FRbpwy7%2BtiJzz13OQOWLg%3D%3D&trackingId=uQiK3cKkRvdA859sZvP5FQ%3D%3D&trk=flagship3_search_srp_jobs,9,react,,"<html lang=""en"" class=""theme theme--mercado app-loader--default artdeco osx""><head><meta http-equiv=""origin-trial"" content=""A7vZI3v+Gz7JfuRolKNM4Aff6zaGuT7X0mf3wtoZTnKv6497cVMnhy03KDqX7kBz/q/iidW7srW3",discovered_only
eba7c117-62ca-4ee2-8f95-cc920b71965c,2025-11-01T23:37:02.998885+05:30,Full Stack Developer (Cybersecurity + Front-End Focus),,,Full Stack Developer,,react,₹0,100,https://www.linkedin.com/jobs/view/4317449616/?eBP=CwEAAAGaQJagX36fHmqWIHpd5lessobqOYnMQDOw3b2TUHsGihuqNJSTSXEBBw5gKXZZSAseqlJJW7-l0NifvM5ljUEIC6yi_VifCu1YB7aLsZ7FDDU7cLLTsI5aQRUocy--GPT-dTQ6-RzlkyW4QYpH8jOF_fH-BhQSJ8TIAv_zqyDMHwd_6FQyFbj-I_Y8GeuStow3PNsxzXP67k28R_bRIkciJCz_0Brm-w7ujGwMOJqdR4ypD8H8kNwykoquEvTQtAemymrKADUTuDhRpu1PXdR8XEVciU62GSe8cslxLky4u_lPFbyoUylsyKVFtajDPInAGNqa0fzjOzaXBW_vlT6U0FVkQvzlodtnxjIyrJHpMp0P0pvuqYtZDtesTG56eVovuTzaFnnFa0UIoQ2PK8wlqRAuXjKWvFXCzB0RDPWMIjzikLvdQcG4Ys5v5OILROUMtwZfNWbpm9Kd_35171JJ6FWIkpbgakrm5xBL2gaHuCgKTzxrQeqop7Yj-4kU8JAYrCaI&refId=e%2FRbpwy7%2BtiJzz13OQOWLg%3D%3D&trackingId=%2BPFhJWbcPTNRSmheCYgllA%3D%3D&trk=flagship3_search_srp_jobs,9,react,,"<html lang=""en"" class=""theme theme--mercado app-loader--default artdeco osx""><head><meta http-equiv=""origin-trial"" content=""A7vZI3v+Gz7JfuRolKNM4Aff6zaGuT7X0mf3wtoZTnKv6497cVMnhy03KDqX7kBz/q/iidW7srW3",discovered_only
84624f79-992f-40cd-809b-289c179e75f2,2025-11-01T23:37:35.943091+05:30,Full Stack Engineer,,,Full Stack Developer,,react,₹0,100,https://www.linkedin.com/jobs/view/4311940524/?eBP=CwEAAAGaQJagX2KdKrYOTTgqt8pXQT75qz9pWGhVpqv039Abv8jxhsGLGRs6avCjQ_sTcTg3A5TYLsnQFI8c2qSsn_zIl7J04Z8UkTzplIVv74oyAM2SHPbxJ-imwMAH_ua3r4VTj4eFkWC2ZS_05s_-YCsQX6HrwHj42ACk7PAsG8_Hs8pQWjjuoSmjGMG9_M3Dfw5lll0m2-N0I_FyDGUm5rd3KdaQtWjB0eT5PagXVdtV5UAwe7pZMtnYF5Fv8TQIm1AGj81HSdw7OkfisIIqx8ga5BpW9XnrHacPOnhH0GcPGJyoI_W1_bnbe-YH7VACc5uQQqyjEGzXOBOWrc657Xb-UoqjY18S1EzP985EhmFDA3GWSgAe1juhVrwtVVyRdKMX_LBzXDMGDn7CuGj0b0MUWDqc46QX0R0tobCljK1BmHqGhSv9fbWbRP7rbIM9kf2jn4NdcngN8Dc9rLF9OFWCIkxRFuTE66I4TlESzyvV3Y99XVhWCoaH-nPFJSvmybjavrDeqooEVNvmB-w&refId=e%2FRbpwy7%2BtiJzz13OQOWLg%3D%3D&trackingId=oXuyw6%2BntKrMdpLx3kUPFg%3D%3D&trk=flagship3_search_srp_jobs,9,react,,"<html lang=""en"" class=""theme theme--mercado app-loader--default artdeco osx""><head><meta http-equiv=""origin-trial"" content=""A7vZI3v+Gz7JfuRolKNM4Aff6zaGuT7X0mf3wtoZTnKv6497cVMnhy03KDqX7kBz/q/iidW7srW3",discovered_only
